{"options":{"summaryTrendStats":["avg","min","med","max","p(90)","p(95)"],"summaryTimeUnit":"","noColor":false},"state":{"isStdOutTTY":true,"isStdErrTTY":true,"testRunDurationMs":120763.903716},"metrics":{"http_req_duration":{"type":"trend","contains":"time","values":{"med":82.72659300000001,"max":198.874401,"p(90)":100.3938911,"p(95)":100.54926605,"avg":51.394671723853264,"min":1.988038},"thresholds":{"p(95)<500":{"ok":true}}},"vus":{"type":"gauge","contains":"default","values":{"value":20,"min":20,"max":20}},"http_req_failed":{"type":"rate","contains":"default","values":{"rate":0,"passes":0,"fails":4360},"thresholds":{"rate<0.1":{"ok":true}}},"http_req_sending":{"contains":"time","values":{"p(95)":0.04933450000000001,"avg":0.03281824013761476,"min":0.017563,"med":0.030006,"max":2.514519,"p(90)":0.042479},"type":"trend"},"http_req_waiting":{"type":"trend","contains":"time","values":{"min":1.92532,"med":82.65250850000001,"max":119.832226,"p(90)":100.2980151,"p(95)":100.44519335,"avg":51.289454289449516}},"checks":{"contains":"default","values":{"rate":0.5,"passes":2180,"fails":2180},"type":"rate"},"vus_max":{"type":"gauge","contains":"default","values":{"max":20,"value":20,"min":20}},"iterations":{"type":"counter","contains":"default","values":{"count":2180,"rate":18.051751665188775}},"http_reqs":{"type":"counter","contains":"default","values":{"count":4360,"rate":36.10350333037755}},"http_req_duration{expected_response:true}":{"type":"trend","contains":"time","values":{"min":1.988038,"med":82.72659300000001,"max":198.874401,"p(90)":100.3938911,"p(95)":100.54926605,"avg":51.394671723853264}},"http_req_connecting":{"type":"trend","contains":"time","values":{"p(95)":0,"avg":0.46319785665137614,"min":0,"med":0,"max":100.044593,"p(90)":0}},"http_req_tls_handshaking":{"type":"trend","contains":"time","values":{"max":103.12101,"p(90)":0,"p(95)":0,"avg":0.48673063646789,"min":0,"med":0}},"data_sent":{"type":"counter","contains":"data","values":{"count":266760,"rate":2208.9381991769533}},"data_received":{"type":"counter","contains":"data","values":{"count":7873183,"rate":65194.83684889264}},"iteration_duration":{"type":"trend","contains":"time","values":{"p(95)":1106.54999115,"avg":1105.7640620610096,"min":1099.475544,"med":1103.5088775,"max":1357.763876,"p(90)":1105.2272269}},"http_req_blocked":{"type":"trend","contains":"time","values":{"avg":1.1434556456422031,"min":0.00013,"med":0.000341,"max":234.034657,"p(90)":0.00048,"p(95)":0.0005300500000000001}},"http_req_receiving":{"contains":"time","values":{"med":0.034264,"max":98.885888,"p(90)":0.0835222,"p(95)":0.1294296000000001,"avg":0.072399194266055,"min":0.013405},"type":"trend"}},"root_group":{"groups":[],"checks":[{"name":"status is 200","path":"::status is 200","id":"6210a8cd14cd70477eba5c5e4cb3fb5f","passes":2180,"fails":0},{"name":"page contains k6","path":"::page contains k6","id":"5a252db45fe91abce4a02cf65eb3dbe3","passes":0,"fails":2180}],"name":"","path":"","id":"d41d8cd98f00b204e9800998ecf8427e"}}